"report_id","cancer_type","variable_name","gold_value","evidence_text","evidence_start_offset","evidence_end_offset","documentation_status","manual_review_required","notes"
"SYN-LUAD-001","LUAD","histologic_diagnosis","Invasive adenocarcinoma","Invasive adenocarcinoma","133","156","supported","False","Clear final diagnosis"
"SYN-LUAD-001","LUAD","tumor_size","3.2 cm","Tumor size: 3.2 cm in greatest dimension","160","200","supported","False","Explicit final size"
"SYN-LUAD-001","LUAD","pathological_t_category","pT2a","Pathological T category: pT2a","244","273","supported","False","Explicit category; extractor must not infer it"
"SYN-LUAD-001","LUAD","pathological_n_category","pN0","Pathological N category: pN0","351","379","supported","False","Explicit pN0 after node assessment"
"SYN-LUSC-002","LUSC","histologic_diagnosis","Invasive squamous cell carcinoma","Invasive squamous cell carcinoma","132","164","supported","False","Clear final diagnosis"
"SYN-LUSC-002","LUSC","tumor_size","5.5 cm","Tumor size: 5.5 cm in greatest dimension","168","208","supported","False","Explicit final size"
"SYN-LUSC-002","LUSC","pathological_t_category","pT3","Pathological T category: pT3","212","240","supported","False","Explicit category; extractor must not infer it"
"SYN-LUSC-002","LUSC","pathological_n_category","","A pathological N category cannot be assigned from this specimen.","312","376","cannot_be_assigned","True","No regional lymph nodes submitted"
"SYN-LUAD-003","LUAD","histologic_diagnosis","Invasive adenocarcinoma","Invasive adenocarcinoma","133","156","supported","False","Clear final diagnosis"
"SYN-LUAD-003","LUAD","tumor_size","2.8 cm","Tumor size: 2.8 cm in greatest dimension","160","200","supported","False","Explicit final size"
"SYN-LUAD-003","LUAD","pathological_t_category","pT1c","Pathological T category: pT1c","204","233","supported","False","Explicit category; extractor must not infer it"
"SYN-LUAD-003","LUAD","pathological_n_category","","","","","not_documented","True","No pN value is present"
"SYN-LUSC-004","LUSC","histologic_diagnosis","Invasive squamous cell carcinoma","Invasive squamous cell carcinoma","132","164","supported","False","Clear final diagnosis"
"SYN-LUSC-004","LUSC","tumor_size","1.9 cm","Tumor size: 1.9 cm in greatest dimension","168","208","supported","False","Explicit final size"
"SYN-LUSC-004","LUSC","pathological_t_category","pT1b","Pathological T category: pT1b","212","241","supported","False","Explicit category; extractor must not infer it"
"SYN-LUSC-004","LUSC","pathological_n_category","pNX","Pathological N category: pNX","245","273","cannot_be_assigned","True","Explicit pNX retained as a value"
"SYN-LUAD-005","LUAD","histologic_diagnosis","Invasive adenocarcinoma","Invasive adenocarcinoma","503","526","supported","False","Current revised final diagnosis"
"SYN-LUAD-005","LUAD","tumor_size","4.1 cm","Tumor size: 4.1 cm in greatest dimension","530","570","supported","True","Current value; preliminary 2.8 cm is explicitly superseded"
"SYN-LUAD-005","LUAD","pathological_t_category","pT2b","Pathological T category: pT2b","574","603","supported","True","Current value; preliminary pT1c is explicitly superseded"
"SYN-LUAD-005","LUAD","pathological_n_category","pN0","Pathological N category: pN0","607","635","supported","False","Current revised final pN value"
"SYN-LUSC-006","LUSC","histologic_diagnosis","Invasive squamous cell carcinoma","Invasive squamous cell carcinoma","134","166","supported","False","Clear final diagnosis"
"SYN-LUSC-006","LUSC","tumor_size","","Tumor size is conflicting: the gross section records 3.8 cm and the microscopic section records 4.2 cm; no reconciled final measurement is designated.","170","320","conflicting","True","Abstain because no final size is designated"
"SYN-LUSC-006","LUSC","pathological_t_category","","Pathological T category is conflicting: the synoptic section records pT2a and the narrative section records pT2b; neither entry is designated final.","323","471","conflicting","True","Abstain because no final pT category is designated"
"SYN-LUSC-006","LUSC","pathological_n_category","","Pathological N category is conflicting: one section records pN0 and another records pN1; neither entry is designated final.","474","597","conflicting","True","Abstain because no final pN category is designated"
"SYN-LUAD-007","LUAD","histologic_diagnosis","Invasive adenocarcinoma","Invasive adenocarcinoma is favored, but histologic classification remains uncertain pending additional stains.","144","254","uncertain","True","Proposed value requires review"
"SYN-LUAD-007","LUAD","tumor_size","1.8 cm","Tumor size: approximately 1.8 cm because the specimen is fragmented.","257","325","uncertain","True","Estimated size requires review"
"SYN-LUAD-007","LUAD","pathological_t_category","pT1b","Pathological T category: pT1b (provisional)","328","371","uncertain","True","Explicit but provisional category; not inferred"
"SYN-LUAD-007","LUAD","pathological_n_category","pN0","Pathological N category: pN0","375","403","supported","False","Explicit pN0"
"SYN-LUSC-008","LUSC","histologic_diagnosis","","No evidence of invasive squamous cell carcinoma is identified.","204","266","negated","True","Suspected diagnosis is explicitly negated"
"SYN-LUSC-008","LUSC","tumor_size","","No invasive tumor is identified for measurement.","269","317","negated","True","No tumor size should be returned"
"SYN-LUSC-008","LUSC","pathological_t_category","","Pathological T category cannot be assigned because no invasive primary tumor is identified.","320","411","cannot_be_assigned","True","No pT value should be returned"
"SYN-LUSC-008","LUSC","pathological_n_category","","","","","not_documented","True","No pN value is present"
